Date,MyWay,Paper Ticket
12-05-2024,0,13
11-05-2024,54,2766
25-12-2019,164,1397
25-12-2021,694,1172
25-12-2020,1059,996
25-12-2022,2013,1091
25-12-2023,2345,1025
29-08-2021,2360,466
22-08-2021,2475,518
10-04-2020,2494,331
05-09-2021,2616,496
15-08-2021,2754,485
04-09-2021,2878,578
12-09-2021,2929,587
19-09-2021,3021,564
12-04-2020,3209,371
21-08-2021,3266,595
26-09-2021,3285,636
28-08-2021,3366,515
10-10-2021,3383,575
03-10-2021,3482,674
18-09-2021,3575,589
14-08-2021,3734,593
13-04-2020,3798,393
11-09-2021,3810,685
05-04-2020,3817,376
04-10-2021,3922,710
19-04-2020,4075,365
26-04-2020,4159,416
25-09-2021,4160,721
29-03-2020,4211,465
02-10-2021,4237,721
11-04-2020,4490,323
25-04-2020,4653,465
04-04-2020,4745,389
27-04-2020,4750,441
09-10-2021,5002,835
18-04-2020,5216,473
03-05-2020,5268,527
10-05-2020,5622,500
17-10-2021,5654,868
28-03-2020,5691,550
02-05-2020,5832,464
24-08-2021,6350,719
01-01-2022,6359,1221
17-05-2020,6372,535
09-05-2020,6683,517
23-08-2021,6735,746
25-08-2021,6773,825
20-08-2021,6989,947
19-08-2021,7042,881
27-08-2021,7069,870
26-08-2021,7078,803
01-01-2020,7088,1489
30-08-2021,7114,892
31-08-2021,7177,855
24-05-2020,7231,626
18-08-2021,7238,912
01-09-2021,7332,905
16-10-2021,7341,1110
05-01-2020,7429,1369
24-10-2021,7577,960
02-09-2021,7588,949
07-09-2021,7597,946
06-09-2021,7676,1021
29-09-2021,7681,875
17-08-2021,7691,835
01-06-2020,7700,633
31-05-2020,7720,661
16-08-2021,7788,935
13-09-2021,7804,1007
08-09-2021,7832,1078
09-09-2021,7906,1039
20-09-2021,8001,906
26-07-2020,8063,626
01-01-2021,8077,1117
03-09-2021,8101,1026
07-06-2020,8132,694
09-08-2020,8149,718
26-12-2021,8172,1767
15-09-2021,8217,1069
21-09-2021,8217,1033
10-09-2021,8255,1021
07-04-2023,8263,1215
14-09-2021,8283,918
16-05-2020,8289,683
23-05-2020,8299,744
08-06-2020,8329,816
15-04-2022,8379,1693
02-04-2021,8391,1218
02-01-2022,8520,1261
30-09-2021,8528,1023
14-06-2020,8557,641
23-09-2021,8629,1055
22-09-2021,8656,1022
16-09-2021,8688,1005
28-09-2021,8696,1059
14-11-2021,8700,1129
01-01-2023,8758,1633
21-06-2020,8766,781
27-09-2021,8771,1067
17-09-2021,8787,1088
13-08-2021,8831,889
03-01-2022,8857,1590
27-12-2021,8869,1568
12-07-2020,8913,725
24-09-2021,8932,1211
31-10-2021,8990,1285
09-01-2022,9039,1274
07-11-2021,9082,1247
03-01-2021,9133,1126
16-01-2022,9283,1263
01-10-2021,9294,994
05-10-2021,9520,1117
19-12-2021,9546,1211
01-01-2024,9565,2012
14-10-2021,9569,1154
20-09-2020,9599,870
14-03-2021,9615,1006
30-05-2022,9753,1392
19-07-2020,9795,713
23-08-2020,9957,764
23-01-2022,9977,1339
28-12-2021,9994,1882
13-10-2021,10004,1185
05-07-2020,10048,796
11-10-2021,10099,1072
02-08-2020,10100,753
23-10-2021,10117,1403
16-08-2020,10143,820
22-03-2020,10168,1202
12-10-2021,10192,1205
21-11-2021,10205,1431
25-10-2020,10218,953
07-10-2021,10237,1137
06-10-2021,10246,1142
30-05-2020,10250,841
26-01-2022,10272,1696
28-06-2020,10345,780
10-01-2021,10363,978
17-01-2021,10372,1139
08-10-2021,10509,1123
13-09-2020,10565,960
04-04-2021,10652,1286
06-09-2020,10661,885
30-08-2020,10663,888
02-04-2020,10664,712
24-01-2021,10867,1296
17-04-2022,10886,1707
08-08-2020,10898,829
27-09-2020,10921,1062
25-04-2022,10925,2001
06-06-2020,10948,954
30-01-2022,10962,1508
27-12-2020,10964,1212
06-02-2022,11006,1629
05-06-2022,11046,1542
25-07-2021,11060,1367
01-08-2021,11156,1252
21-03-2021,11177,1237
11-10-2020,11212,937
13-06-2022,11270,1768
28-11-2021,11300,1495
04-07-2021,11334,1245
18-10-2020,11382,1088
05-10-2020,11394,1226
05-12-2021,11395,1303
11-07-2020,11405,1033
01-11-2020,11413,907
04-10-2020,11436,1205
15-01-2022,11444,1578
08-11-2020,11558,963
13-02-2022,11621,1787
18-04-2022,11641,1994
07-04-2020,11673,796
13-06-2020,11702,856
26-01-2021,11722,1489
08-04-2020,11737,875
15-05-2022,11757,1592
04-01-2020,11800,3201
06-04-2020,11810,839
22-11-2020,11833,1089
20-02-2022,11849,1762
15-04-2020,11884,782
08-08-2021,11886,1307
29-04-2020,11888,696
25-04-2021,11897,1529
20-06-2020,11900,1043
22-08-2020,11923,876
31-10-2020,12032,1238
14-04-2020,12045,799
16-04-2020,12097,761
02-01-2023,12098,2231
03-04-2020,12120,852
22-05-2022,12124,1759
08-01-2022,12129,2458
13-11-2022,12135,1759
14-06-2021,12138,1427
18-07-2021,12139,1409
05-04-2021,12157,1608
11-07-2021,12188,1381
12-12-2021,12197,1605
21-04-2020,12221,773
20-04-2020,12231,743
03-07-2022,12253,1874
21-02-2021,12308,1374
30-04-2020,12328,756
28-12-2020,12342,1449
27-03-2022,12354,1801
01-04-2020,12406,844
15-11-2020,12422,1184
12-01-2020,12443,1720
08-05-2022,12471,1470
06-03-2022,12473,1685
22-04-2020,12484,754
29-03-2024,12489,532
09-04-2020,12505,831
10-07-2022,12507,1838
02-01-2021,12543,1344
29-01-2022,12546,1811
26-04-2021,12578,1384
18-04-2021,12591,1495
30-04-2023,12598,1587
20-06-2021,12600,1427
06-06-2021,12604,1370
20-03-2022,12605,1847
17-04-2020,12609,799
30-10-2021,12616,1650
15-08-2020,12631,1027
07-05-2023,12651,1500
13-11-2021,12660,1751
06-11-2021,12680,1749
12-06-2022,12683,2052
08-03-2021,12698,1493
09-05-2021,12703,1317
31-03-2020,12731,861
20-12-2020,12742,1302
11-04-2021,12764,1501
27-02-2022,12766,1825
29-12-2019,12771,2016
31-01-2021,12772,1477
01-05-2020,12775,838
23-05-2021,12786,1445
06-12-2020,12798,1228
26-12-2020,12843,1588
27-06-2021,12852,1447
23-04-2020,12854,764
16-05-2021,12856,1476
31-05-2021,12875,1507
19-06-2022,12910,1823
15-10-2021,12915,1605
24-10-2020,12923,1246
02-05-2021,12950,1516
17-07-2022,12965,1964
18-07-2020,13039,1015
29-11-2020,13077,1198
27-01-2020,13078,1959
26-06-2022,13086,1927
31-07-2022,13136,1572
30-05-2021,13145,1579
26-12-2022,13153,2254
14-08-2022,13195,1889
29-05-2022,13201,1947
03-04-2022,13282,1937
27-12-2022,13283,2120
28-02-2021,13287,1309
10-04-2022,13299,2009
25-07-2020,13308,1097
04-07-2020,13316,1061
13-03-2022,13369,2154
14-03-2022,13397,2046
13-12-2020,13438,1302
22-01-2022,13466,1855
01-05-2022,13479,2052
07-02-2021,13481,1449
27-06-2020,13520,1098
24-04-2020,13530,837
30-03-2020,13534,798
23-01-2021,13540,1619
24-12-2023,13572,1911
09-02-2020,13642,1714
28-03-2021,13661,1439
09-04-2023,13735,1752
01-08-2020,13777,1029
20-11-2021,13787,2075
28-08-2022,13832,2024
29-01-2023,13845,1984
16-01-2021,13849,1462
21-08-2022,13863,1911
07-08-2022,13874,2031
15-01-2023,13907,1975
07-03-2021,13911,1849
19-01-2020,13933,1936
22-01-2023,13974,2059
13-06-2021,13988,1828
24-07-2022,13995,2162
04-09-2022,14029,2136
29-08-2020,14055,1112
14-07-2019,14097,1930
08-01-2023,14102,2468
18-09-2022,14117,2421
21-03-2020,14136,1728
09-10-2022,14177,2211
12-06-2023,14193,1990
28-04-2020,14221,896
16-04-2023,14267,1900
22-12-2019,14273,2132
23-10-2022,14283,2065
02-02-2020,14289,1933
24-04-2022,14306,2966
26-09-2020,14311,1229
09-01-2021,14320,1350
14-02-2021,14321,1635
15-03-2020,14367,1799
03-11-2019,14430,1692
03-10-2022,14489,2538
11-09-2022,14502,2103
11-03-2024,14535,411
17-07-2021,14629,1788
03-10-2020,14640,1456
26-01-2020,14649,2334
29-05-2023,14652,2083
12-09-2020,14679,1400
05-05-2020,14683,802
30-10-2022,14710,2246
05-02-2022,14714,2078
28-12-2019,14740,2581
04-05-2020,14842,854
16-04-2022,14853,2278
03-04-2021,14931,1940
05-09-2020,14947,1258
06-11-2022,15003,2180
24-12-2022,15022,2056
26-12-2023,15051,2835
22-09-2022,15128,2808
27-11-2021,15141,2120
18-12-2022,15155,2165
17-10-2020,15158,1394
04-06-2023,15192,1852
18-06-2023,15207,2152
10-04-2023,15215,1930
20-11-2022,15233,2319
19-09-2020,15250,1350
04-12-2022,15346,2491
06-05-2020,15350,778
31-12-2023,15384,4840
09-07-2023,15432,1761
03-07-2021,15457,1595
26-01-2023,15488,2506
25-04-2023,15508,2309
11-01-2021,15538,1158
07-01-2024,15544,2586
18-12-2021,15554,2016
10-10-2020,15555,1432
16-10-2022,15577,2521
02-07-2022,15595,2442
25-09-2022,15645,2672
06-02-2021,15651,1700
24-07-2021,15690,1737
07-05-2020,15717,953
04-06-2022,15760,2163
14-01-2024,15760,2206
18-10-2021,15768,1453
25-06-2023,15816,1962
07-11-2020,15887,1474
31-12-2022,15896,4577
31-03-2024,15931,522
11-08-2019,15936,1872
13-08-2023,15950,1815
04-12-2021,15972,2031
14-05-2023,15975,1894
11-06-2022,16041,2616
15-12-2019,16053,2021
26-12-2019,16120,2817
21-05-2023,16140,1993
28-05-2023,16143,2008
16-02-2020,16163,2168
11-12-2022,16166,2356
01-12-2019,16176,2043
05-03-2022,16228,2321
11-12-2021,16234,2239
01-02-2020,16237,2183
29-12-2021,16272,2166
21-01-2024,16274,1991
12-02-2022,16312,3340
19-03-2023,16316,1900
11-06-2023,16340,2236
05-05-2024,16352,2099
02-10-2022,16358,2867
05-11-2023,16360,2076
27-11-2022,16386,2402
28-05-2022,16402,2278
07-07-2019,16414,2026
02-04-2022,16420,2130
08-12-2019,16427,2139
24-11-2019,16494,2227
30-01-2021,16494,1792
25-04-2024,16505,533
05-02-2023,16509,2307
22-10-2022,16510,2707
01-04-2024,16517,373
08-05-2020,16519,982
02-07-2023,16527,1929
11-01-2020,16571,2569
28-01-2024,16573,2055
10-11-2019,16616,2078
09-03-2020,16619,2349
23-04-2022,16632,2566
26-03-2023,16671,1904
19-10-2021,16688,1449
30-12-2021,16705,2070
20-03-2021,16714,1684
19-02-2022,16715,2464
10-07-2021,16744,1942
17-11-2019,16752,2102
05-03-2023,16763,2126
31-07-2021,16784,2097
18-08-2019,16801,1855
09-07-2022,16810,2561
17-12-2023,16833,2288
04-02-2024,16854,2258
12-06-2021,16865,2104
26-02-2022,16867,2646
16-07-2022,16882,2536
13-03-2023,16886,2489
13-03-2021,16898,1930
16-07-2023,16931,2018
12-02-2023,16972,2242
11-05-2020,16988,1032
05-12-2020,17001,1649
02-10-2023,17002,2449
02-04-2023,17043,2187
27-03-2020,17056,1024
19-12-2020,17074,1616
28-11-2020,17078,1741
07-05-2022,17083,2380
31-12-2021,17094,3125
27-08-2023,17096,1885
21-12-2019,17099,2603
24-04-2021,17103,2045
07-10-2019,17138,2447
14-11-2020,17149,1698
01-09-2019,17167,1944
18-06-2022,17196,2375
03-09-2023,17197,1860
07-08-2021,17240,1937
08-09-2019,17276,2045
25-08-2019,17281,2030
14-05-2022,17308,2533
28-07-2019,17316,2040
04-08-2019,17319,1876
12-11-2023,17328,1937
25-06-2022,17339,2615
30-04-2022,17358,2365
15-05-2021,17398,1857
09-04-2022,17433,2408
20-10-2019,17470,2099
10-09-2023,17475,2285
10-04-2021,17486,2115
27-10-2019,17507,2029
22-10-2023,17507,2015
29-05-2021,17512,1994
20-08-2023,17557,1926
26-06-2021,17559,2059
08-03-2020,17561,2513
13-02-2021,17576,1941
06-08-2022,17616,2616
29-10-2023,17630,2210
21-07-2019,17630,2138
03-12-2023,17636,2531
12-05-2020,17656,982
26-03-2022,17659,2616
21-04-2024,17668,2404
26-03-2020,17680,1185
05-06-2021,17693,2131
21-11-2020,17699,1730
15-10-2023,17705,2126
19-06-2021,17753,1984
18-01-2020,17759,2580
13-05-2020,17775,981
10-12-2023,17788,2471
23-04-2023,17791,3367
20-10-2021,17829,1544
20-02-2021,17859,1887
21-05-2022,17887,2409
17-04-2021,17916,2211
14-04-2024,18001,2844
06-10-2019,18013,2988
19-11-2023,18013,1205
08-07-2023,18023,2136
13-10-2019,18049,2206
12-03-2023,18055,2521
08-10-2023,18055,2245
21-10-2021,18063,1633
06-08-2023,18087,2058
12-12-2020,18093,1794
17-03-2024,18153,432
23-07-2022,18228,2813
30-07-2023,18239,2098
22-05-2021,18253,2058
14-03-2020,18268,2685
29-09-2019,18283,2444
12-03-2022,18286,2964
15-09-2019,18293,2551
28-04-2024,18294,2521
19-03-2022,18299,3182
25-01-2020,18309,2920
06-03-2021,18320,2156
13-08-2022,18330,2651
14-05-2020,18366,1050
01-05-2021,18367,1789
30-12-2023,18428,2671
26-02-2023,18480,2520
07-04-2024,18484,563
11-02-2024,18528,2562
23-07-2023,18529,2054
08-05-2021,18561,1960
01-03-2020,18561,2269
27-02-2021,18613,2189
30-07-2022,18639,2556
08-10-2022,18646,3366
13-01-2024,18682,2470
08-04-2023,18781,2608
27-03-2021,18793,2397
26-11-2023,18817,3082
24-09-2023,18837,2385
15-05-2020,18889,1110
24-09-2022,18943,3515
24-03-2024,18997,378
26-01-2024,19050,3173
17-09-2022,19073,3239
20-08-2022,19134,2921
13-07-2019,19141,2542
01-10-2023,19141,2649
17-09-2023,19207,2368
14-01-2023,19215,2995
07-01-2023,19239,4751
22-09-2019,19368,2482
24-12-2021,19404,2107
25-03-2020,19433,1112
03-03-2024,19539,590
27-08-2022,19545,3103
23-12-2023,19765,2460
29-12-2020,19834,1849
03-09-2022,19849,2906
23-02-2020,19915,2833
25-02-2024,19957,2774
10-09-2022,19975,3319
06-04-2024,20140,639
28-01-2023,20177,2758
08-02-2020,20309,2765
07-01-2022,20341,2707
15-02-2020,20403,2659
01-10-2022,20421,3389
21-09-2019,20479,2764
05-11-2022,20505,3277
24-06-2023,20605,2843
10-03-2024,20627,558
10-08-2019,20659,2562
12-11-2022,20715,3163
17-12-2022,20766,2811
03-06-2023,20863,2693
30-12-2020,20891,2007
27-05-2023,20897,2594
29-10-2022,20927,3107
29-04-2023,20953,2475
31-12-2020,21002,2366
06-01-2022,21002,2557
15-10-2022,21003,3642
04-02-2023,21058,3047
22-10-2021,21061,2016
30-11-2019,21141,2794
25-03-2023,21167,2840
19-11-2022,21182,3248
28-12-2022,21223,3301
05-01-2022,21236,2319
06-07-2019,21297,2885
14-12-2019,21315,2926
06-01-2024,21390,5116
29-12-2022,21402,2879
10-06-2023,21429,2852
31-12-2019,21617,3592
19-02-2023,21673,2901
18-02-2024,21706,3149
10-12-2022,21708,3156
19-10-2019,21797,2622
15-04-2023,21816,2853
20-01-2024,21864,2891
17-06-2023,21886,2847
20-05-2023,21918,2734
27-12-2019,21922,3633
10-01-2022,21932,2315
04-01-2022,21951,2409
01-07-2023,21968,2807
05-10-2019,21980,3253
30-12-2019,21981,3275
23-11-2019,22078,6273
11-01-2022,22110,2409
20-07-2019,22132,3046
15-07-2023,22139,2891
21-01-2023,22142,2922
07-12-2019,22280,3169
26-10-2019,22293,2767
12-10-2019,22334,3062
03-12-2022,22369,3076
06-05-2023,22378,3038
07-09-2019,22533,2755
18-01-2022,22554,2377
09-12-2023,22775,2892
12-01-2022,22818,2544
13-05-2023,22890,2614
03-02-2024,22962,2954
07-03-2020,23002,3348
30-03-2024,23022,926
19-08-2023,23041,2719
11-02-2023,23050,3200
13-01-2022,23065,2511
02-11-2019,23090,2732
01-04-2023,23147,3027
09-09-2023,23152,3008
09-11-2019,23157,2632
22-04-2023,23167,2920
16-11-2019,23198,3235
18-05-2020,23244,1142
27-12-2023,23244,3711
04-11-2023,23247,3333
12-01-2021,23286,1719
17-01-2022,23311,2375
14-01-2022,23315,2530
30-12-2022,23321,3136
17-08-2019,23327,3067
12-08-2023,23372,2794
16-12-2023,23529,2912
02-12-2023,23530,3367
28-09-2019,23642,3218
25-11-2023,23664,4617
27-01-2024,23677,3716
26-11-2022,23807,6643
24-08-2019,23857,2927
11-11-2023,23922,2822
27-07-2019,23926,2999
13-11-2023,24013,2137
22-07-2023,24116,2818
03-08-2019,24147,2826
29-07-2023,24189,3009
04-03-2023,24208,3226
07-10-2023,24249,3089
20-05-2020,24294,1258
27-04-2024,24302,3118
02-09-2023,24337,2703
13-04-2024,24348,3633
26-08-2023,24361,3462
04-05-2024,24412,3201
21-10-2023,24487,3036
28-10-2023,24516,3171
18-03-2023,24585,3068
24-03-2020,24612,1438
18-11-2023,24641,1526
05-08-2023,24724,2972
11-03-2023,24845,3047
19-01-2022,24875,2642
20-01-2022,24943,2517
25-10-2021,24948,2105
14-10-2023,24950,3092
14-09-2019,24999,3261
19-05-2020,25002,1282
16-09-2023,25098,3492
24-01-2022,25161,2566
20-04-2024,25314,3242
30-09-2023,25315,3184
24-12-2020,25513,1920
23-09-2023,25581,3388
23-03-2024,25613,758
21-05-2020,25643,1239
21-01-2022,25659,2785
31-08-2019,25697,2887
22-05-2020,25745,1315
28-12-2023,25771,4081
25-02-2023,25794,3791
13-07-2020,25833,1351
25-01-2022,26314,2861
29-02-2020,26440,3795
09-03-2024,26489,802
29-12-2023,26529,4157
23-12-2021,26657,2780
26-10-2021,26986,2363
10-02-2024,27045,3576
02-03-2024,27381,828
27-10-2021,27703,2497
27-01-2022,27855,2810
28-10-2021,27981,2483
28-01-2022,28003,2934
02-01-2020,28237,4093
16-03-2024,28391,532
10-07-2020,28746,1765
06-07-2020,28781,1589
24-12-2019,29179,3598
14-07-2020,29195,1542
25-05-2020,29247,1462
04-01-2021,29248,1942
09-07-2020,29301,1554
24-02-2024,29337,4155
03-01-2020,29830,4943
29-10-2021,29897,2899
08-07-2020,29897,1488
16-07-2020,30117,1580
15-07-2020,30148,1545
17-07-2020,30342,1799
07-07-2020,30389,1628
10-01-2020,30400,3109
22-12-2021,30818,2967
31-01-2022,30941,3263
26-05-2020,31115,1445
27-05-2020,31583,1440
06-01-2021,31862,2156
28-05-2020,31913,1560
25-01-2021,32073,2323
05-01-2021,32114,2254
18-02-2023,32357,5017
03-01-2023,32381,3717
06-10-2020,32470,1837
29-05-2020,32507,1625
02-01-2024,32795,3887
17-02-2024,32798,4985
04-01-2023,32811,3739
20-12-2021,33298,3098
07-01-2021,33393,2199
21-12-2021,33549,3036
23-12-2020,33645,2431
08-01-2021,33699,2456
28-09-2020,33943,2085
08-10-2020,33975,2073
07-10-2020,34183,2036
30-09-2020,34295,1770
04-11-2021,34465,2934
23-12-2022,34649,4063
05-01-2023,35171,4410
22-02-2020,35296,6032
12-11-2021,35509,3408
21-12-2020,35569,2358
22-12-2020,35618,2475
04-01-2024,35736,5286
02-10-2020,35869,2296
03-01-2024,35906,4198
06-01-2023,36018,5296
01-11-2021,36034,3122
14-01-2021,36045,2190
06-01-2020,36258,3801
22-12-2022,36416,3639
09-10-2020,36561,2282
13-01-2021,36642,2273
29-09-2020,36853,2133
02-06-2020,36998,1733
15-01-2021,37060,2484
05-11-2021,37073,3300
29-06-2020,37151,1794
18-01-2021,37288,2354
03-06-2020,37295,1845
19-04-2022,37502,3360
01-10-2020,37531,2139
11-07-2022,37580,3724
02-07-2020,37601,1893
04-07-2022,37623,3732
22-01-2021,37718,2656
08-11-2021,37778,3567
04-06-2020,37875,1854
29-01-2021,37940,2431
09-06-2020,38042,1875
23-12-2019,38176,4201
28-06-2021,38250,2830
08-07-2022,38277,3908
15-06-2020,38411,1881
10-06-2020,38416,1799
22-04-2022,38636,3976
05-06-2020,38650,2075
11-06-2020,38701,1941
11-04-2022,38702,3721
22-06-2020,38756,1936
02-11-2021,38808,3451
03-07-2020,38819,2164
07-10-2022,38910,4136
15-07-2022,38990,4299
21-01-2021,39028,2510
15-11-2021,39135,3592
30-06-2020,39181,1758
01-07-2020,39269,1880
05-01-2024,39305,6250
03-11-2021,39319,3221
07-08-2020,39488,1922
27-07-2020,39577,1736
19-01-2021,39664,2576
14-04-2022,39674,3856
12-06-2020,39675,1913
23-06-2020,39691,1980
10-12-2021,39702,3723
16-06-2020,39761,1852
14-07-2022,39827,4037
06-07-2022,39867,3964
13-07-2022,39879,3973
08-01-2024,39943,4062
21-04-2022,39964,3919
20-01-2021,39966,2388
05-07-2022,39975,3946
20-04-2022,40021,3975
12-07-2022,40068,3830
13-12-2021,40090,3538
07-07-2022,40097,4056
17-06-2020,40117,1833
04-08-2022,40423,4603
01-07-2021,40516,2662
09-11-2021,40676,3547
10-11-2021,40709,3414
20-08-2020,40730,2019
01-07-2022,40761,4553
26-06-2020,40773,2257
24-06-2020,40832,2029
09-01-2023,40833,3920
18-06-2020,40853,1858
02-07-2021,40865,2888
13-04-2022,40896,3861
25-06-2020,40922,2250
29-06-2021,41042,2758
28-01-2021,41052,2556
05-07-2021,41095,2772
05-10-2022,41197,4002
19-12-2022,41224,4353
09-09-2022,41302,5345
06-07-2021,41310,2724
23-03-2020,41314,3034
11-11-2021,41324,3863
22-12-2023,41326,4565
26-11-2021,41358,4282
25-11-2021,41420,3921
15-12-2021,41440,3566
06-10-2022,41506,4339
19-11-2021,41542,4069
01-02-2022,41543,4029
19-06-2020,41560,2060
17-12-2021,41676,4075
30-06-2021,41778,2764
22-11-2021,41860,3750
27-01-2023,41861,4378
27-01-2021,42079,2485
21-12-2022,42112,4280
12-04-2022,42126,3801
25-09-2020,42189,2320
14-12-2021,42253,3775
09-07-2021,42263,3036
20-07-2020,42302,2022
21-08-2020,42324,2205
12-12-2022,42400,4920
19-08-2020,42414,2002
13-01-2023,42486,4295
24-11-2021,42520,3823
09-12-2021,42532,3710
18-11-2021,42722,3997
16-11-2021,42728,3960
07-01-2020,42788,4159
16-12-2021,42805,3709
06-12-2021,42984,3859
29-11-2021,43019,4120
10-01-2023,43072,4093
12-01-2023,43103,4090
17-11-2021,43225,3835
07-07-2021,43295,2937
20-12-2022,43510,4431
08-12-2021,43547,3922
27-09-2022,43728,4602
08-07-2021,43751,3031
11-01-2023,43769,3991
16-01-2023,43777,4270
03-08-2020,43991,2044
23-01-2023,44218,4409
20-12-2023,44232,4608
22-07-2020,44255,1995
30-09-2022,44275,5042
26-09-2022,44312,4812
26-10-2020,44388,2443
23-07-2020,44419,1989
23-11-2021,44456,3982
28-09-2022,44614,4557
21-07-2020,44631,2050
02-02-2022,44692,4071
10-08-2020,44765,2246
17-08-2020,44796,2164
24-08-2020,44903,2219
05-08-2020,44922,1973
07-02-2022,45047,4543
06-04-2021,45075,3375
07-12-2021,45084,4018
12-04-2021,45086,3049
24-07-2020,45207,2297
02-12-2021,45209,3899
30-01-2023,45308,4193
18-01-2023,45348,4015
12-01-2024,45390,4933
03-12-2021,45398,4651
04-02-2022,45415,4531
12-08-2020,45444,2215
01-12-2021,45466,3884
19-12-2023,45484,4542
28-07-2020,45495,2000
03-02-2022,45498,4275
31-08-2020,45503,2275
20-01-2023,45518,4341
08-01-2020,45544,4117
15-01-2024,45578,4622
31-07-2020,45635,2363
04-08-2020,45670,2035
30-11-2021,45730,4065
21-12-2023,45741,5129
07-07-2023,45778,4038
06-08-2020,45792,2034
09-04-2021,45924,3743
11-08-2020,45944,2153
17-01-2024,45960,4301
30-07-2020,45982,1924
07-09-2020,46048,2303
04-10-2022,46061,4911
18-08-2020,46064,2064
19-01-2023,46083,4622
09-01-2020,46096,4363
14-08-2020,46188,2434
01-02-2021,46210,2976
10-07-2023,46337,3791
26-08-2020,46484,2168
13-08-2020,46506,2303
09-09-2020,46528,2244
30-06-2022,46574,4796
09-01-2024,46598,4495
12-08-2021,46609,3312
25-08-2020,46614,2275
18-12-2020,46616,3404
03-07-2023,46679,4571
21-09-2020,46703,2423
04-07-2023,46741,3898
17-01-2023,46759,4227
29-07-2020,46761,1926
10-01-2024,46802,4652
02-09-2020,46915,2392
14-12-2020,46923,3157
29-09-2022,46933,5039
27-08-2020,46937,2225
11-01-2024,46977,4711
16-04-2021,47000,3374
01-09-2020,47022,2261
05-11-2020,47043,2568
28-08-2020,47057,2529
14-02-2022,47074,4714
03-09-2020,47087,2318
18-12-2023,47120,4930
07-04-2021,47168,3487
01-03-2022,47195,4379
16-12-2020,47218,3055
14-09-2020,47237,2549
27-06-2022,47246,4921
09-02-2022,47337,4518
08-04-2021,47374,3424
08-02-2022,47436,4644
14-04-2021,47530,3404
10-02-2022,47546,4529
11-02-2022,47570,5246
24-06-2022,47583,5198
29-06-2022,47641,4903
18-07-2022,47647,5495
24-01-2023,47674,4311
05-08-2022,47996,5442
06-07-2023,48038,3990
08-09-2020,48053,2489
04-10-2023,48057,3958
11-09-2020,48103,2678
13-04-2021,48173,3355
04-09-2020,48185,2471
31-10-2022,48212,5915
12-04-2023,48312,4536
14-04-2023,48320,4872
25-02-2022,48380,5106
15-12-2020,48396,2877
19-01-2024,48405,4998
14-07-2023,48475,4503
10-09-2020,48481,2444
21-02-2022,48502,4375
25-01-2023,48617,4542
17-12-2020,48653,3120
18-09-2020,48678,2788
15-04-2021,48727,3491
23-09-2020,48738,2515
22-01-2024,48750,4635
23-11-2020,48793,2858
15-02-2022,48821,4777
05-07-2023,48892,3988
24-06-2021,48922,3339
16-01-2024,48971,4932
15-09-2020,49053,2604
18-02-2022,49202,5186
26-04-2024,49214,5496
16-02-2022,49254,4655
02-11-2020,49292,2527
13-07-2023,49311,4309
20-06-2022,49374,5148
17-04-2023,49376,4478
16-09-2020,49380,2628
16-12-2022,49395,5892
28-06-2022,49402,5104
22-09-2020,49403,2670
17-09-2020,49406,2515
06-06-2022,49507,5010
17-02-2022,49528,4769
16-11-2020,49567,3148
12-05-2022,49575,4796
12-10-2020,49621,2657
18-01-2024,49645,4813
11-07-2023,49793,4207
24-09-2020,49801,2616
13-04-2023,49866,4665
08-04-2022,49909,5397
14-06-2022,50011,5157
19-10-2020,50046,2707
12-07-2023,50056,4081
07-04-2022,50211,4883
25-01-2024,50219,5404
11-04-2023,50246,4306
13-01-2020,50249,4398
10-06-2022,50273,5651
16-10-2020,50552,3084
23-01-2024,50555,4960
28-02-2022,50665,5011
29-08-2022,50669,6041
27-05-2022,50692,5291
21-07-2022,50705,5534
21-06-2022,50727,5294
23-02-2022,50730,4604
30-10-2020,50781,3019
21-04-2023,50783,4670
12-07-2019,50819,4395
07-12-2020,50843,3152
24-01-2024,50853,4894
20-01-2020,50857,4171
23-10-2020,50947,2884
09-11-2020,50948,3164
22-02-2022,51054,4934
24-02-2022,51085,4803
16-06-2022,51092,5297
27-10-2020,51184,2605
18-08-2022,51186,5601
11-12-2020,51237,3597
31-05-2022,51240,4770
02-03-2022,51258,4674
16-01-2020,51305,4791
22-07-2022,51312,6034
03-06-2022,51337,5563
14-12-2022,51486,5223
17-06-2022,51499,5789
23-09-2022,51540,7001
29-01-2024,51542,5248
12-08-2022,51651,6048
07-03-2022,51683,4731
22-06-2022,51700,5410
01-08-2022,51738,5731
30-11-2020,51761,3174
15-12-2022,51819,5253
06-05-2022,51825,4984
10-12-2020,51847,3099
13-11-2020,51848,3370
07-06-2022,51888,4879
12-11-2020,51919,2998
29-10-2020,51937,2706
23-06-2022,51980,5259
28-11-2022,52002,5912
14-10-2020,52057,2690
20-12-2019,52116,5068
23-05-2022,52130,5290
28-10-2022,52163,6463
01-04-2022,52184,5363
20-10-2020,52193,2884
23-08-2022,52228,5583
04-11-2020,52250,2870
13-10-2020,52262,2823
13-12-2022,52337,5883
28-03-2022,52360,5010
01-12-2020,52386,3169
15-01-2020,52392,4854
28-06-2023,52495,5450
25-07-2022,52502,5735
08-03-2022,52548,4659
28-10-2020,52553,2873
21-10-2020,52557,2866
20-05-2022,52567,5514
15-10-2020,52569,2736
17-01-2020,52689,4982
06-10-2023,52745,4556
29-07-2022,52857,6153
06-11-2020,52866,3465
03-11-2020,52879,2885
09-12-2022,52913,6402
08-06-2022,52919,5208
22-10-2020,52962,2850
14-01-2020,52976,4567
16-05-2022,52979,5325
09-05-2022,52985,5033
09-12-2020,53017,3049
21-03-2022,53033,4955
09-06-2022,53034,5117
04-04-2022,53042,5557
05-12-2022,53078,6300
30-06-2023,53146,5794
15-06-2022,53192,5450
20-07-2022,53208,5613
31-01-2020,53210,5001
25-05-2023,53228,5587
13-05-2022,53255,5872
11-03-2022,53283,5684
19-07-2022,53289,5711
03-08-2022,53317,5905
11-07-2019,53325,4436
29-09-2023,53328,5633
25-09-2023,53331,4667
29-11-2023,53348,7224
20-04-2023,53385,4473
08-07-2019,53424,4238
12-07-2021,53437,3753
03-10-2023,53439,4860
08-08-2022,53457,6224
22-08-2022,53470,6178
27-07-2022,53485,5682
25-06-2021,53505,4250
10-11-2020,53518,3124
01-06-2022,53540,5199
20-11-2020,53560,3310
02-06-2022,53574,5228
21-11-2022,53641,6595
15-09-2022,53642,6734
16-07-2021,53724,4191
12-09-2022,53768,6482
15-07-2019,53795,4529
03-03-2022,53837,5059
08-09-2022,53843,6577
24-04-2023,53848,5389
05-10-2023,53855,4308
17-11-2020,53866,3226
07-11-2022,53904,6532
05-09-2022,53919,6741
04-03-2022,53923,5525
08-12-2020,53954,3228
15-04-2024,54058,5658
04-12-2020,54058,4058
24-11-2020,54079,3262
11-08-2022,54098,5771
26-04-2022,54098,5341
18-04-2023,54100,4399
19-08-2022,54101,6318
02-05-2022,54111,5084
22-04-2024,54125,5280
11-11-2020,54144,3206
16-09-2022,54146,6818
26-07-2022,54169,5516
31-03-2022,54208,4995
03-12-2020,54274,3489
25-03-2022,54297,5421
19-04-2023,54319,4724
26-08-2022,54369,7167
19-04-2024,54439,5854
01-11-2022,54441,6376
15-08-2022,54442,6082
10-03-2022,54549,4957
02-12-2020,54563,3426
23-01-2020,54580,4776
26-06-2023,54643,5804
18-03-2022,54652,5465
18-11-2020,54677,3280
28-07-2022,54720,5829
09-03-2022,54726,5106
26-11-2020,54734,3407
24-01-2020,54793,5291
24-03-2022,54827,5292
29-03-2022,54857,5219
21-10-2022,54872,6818
25-11-2020,54929,3148
06-04-2022,55031,5384
02-09-2022,55042,6652
19-11-2020,55167,3265
11-12-2023,55227,6740
18-05-2022,55233,4912
25-05-2022,55253,5230
10-05-2022,55284,5113
19-09-2022,55288,7113
24-10-2022,55364,6613
27-11-2020,55400,3716
14-11-2022,55417,6715
30-03-2022,55419,5096
28-01-2020,55459,4983
11-05-2022,55498,5315
15-12-2023,55516,7177
23-07-2021,55542,4221
19-05-2022,55564,5442
08-12-2022,55592,5918
24-05-2022,55621,5409
23-03-2021,55680,3470
23-06-2023,55771,6625
10-07-2019,55785,4979
02-12-2022,55872,7035
26-05-2022,55921,5146
05-04-2022,55943,5499
29-04-2022,56008,5873
02-08-2022,56015,5948
04-05-2022,56033,5324
15-03-2022,56056,4982
23-03-2022,56063,4922
26-09-2023,56091,4727
16-03-2022,56164,4887
22-03-2022,56206,4865
03-06-2021,56215,3714
14-10-2022,56365,7429
29-01-2020,56448,4828
30-08-2022,56452,6238
14-12-2023,56468,6688
17-05-2022,56474,5253
29-06-2023,56482,5896
31-08-2022,56483,6276
16-08-2022,56568,6219
06-09-2022,56568,6963
25-08-2022,56678,6476
05-05-2022,56679,5543
19-06-2023,56693,6219
17-08-2022,56731,6107
07-12-2022,56758,6335
09-07-2019,56774,4839
10-10-2022,56818,7248
27-04-2022,56823,5371
18-11-2022,56854,7248
19-07-2019,56855,5179
21-09-2022,56867,7103
21-01-2020,56869,5489
30-01-2024,56955,5506
04-11-2022,56970,7393
27-06-2023,57005,6059
29-04-2024,57028,5792
28-04-2022,57067,5459
01-09-2022,57073,6663
28-09-2023,57074,5205
24-08-2022,57100,6401
27-09-2023,57116,5025
07-09-2022,57121,7062
17-03-2022,57130,4905
17-07-2019,57206,5046
10-08-2022,57234,6325
24-04-2024,57257,5605
11-11-2022,57297,7364
14-09-2022,57306,6813
17-10-2022,57320,6883
01-12-2022,57337,6525
08-12-2023,57371,7363
03-05-2022,57393,5502
13-09-2022,57393,6894
22-01-2020,57432,5240
16-07-2019,57482,5193
22-03-2021,57496,3496
06-12-2022,57537,6326
09-08-2022,57593,6265
23-04-2024,57637,5540
30-11-2022,57709,6812
13-12-2023,57711,6694
15-07-2021,57727,4484
25-11-2022,57855,7739
14-07-2021,57967,4148
16-11-2022,57973,6743
21-06-2021,57975,4311
20-07-2021,58000,4071
29-11-2022,58014,7006
18-04-2024,58052,5636
03-11-2022,58055,6872
22-11-2022,58115,6539
18-07-2019,58162,5497
17-04-2024,58231,5812
19-07-2021,58280,3948
26-07-2021,58288,4207
30-01-2020,58310,5470
02-11-2022,58320,6871
19-12-2019,58511,5453
16-06-2021,58535,4152
08-06-2023,58620,6420
11-06-2021,58676,4628
17-07-2023,58698,5835
23-11-2022,58776,6618
24-11-2022,58879,6847
12-12-2023,58925,6868
08-10-2019,59001,4842
12-02-2021,59010,3995
04-05-2021,59057,4011
20-09-2022,59059,7565
22-06-2023,59067,6374
28-07-2021,59083,3972
27-10-2022,59143,7038
20-03-2020,59210,4355
23-06-2021,59300,4079
02-03-2021,59420,3546
02-08-2021,59425,4471
15-11-2022,59462,6935
13-07-2021,59478,4083
19-04-2021,59580,3838
17-11-2022,59582,6877
16-04-2024,59725,6101
10-11-2022,59766,6971
26-10-2022,59846,6726
18-06-2021,59850,4699
08-11-2022,59875,6847
13-10-2022,59954,7122
09-11-2022,59979,7060
20-11-2023,60139,2778
11-10-2022,60155,7253
08-09-2023,60205,6945
09-06-2021,60219,3999
01-04-2021,60232,4342
22-06-2021,60283,4016
30-07-2021,60350,4601
25-10-2022,60354,6809
20-10-2022,60358,6653
21-07-2021,60388,4415
09-08-2021,60417,4256
28-11-2023,60432,8535
21-06-2023,60489,6545
18-10-2022,60505,7199
17-05-2021,60668,3867
09-06-2023,60710,7198
10-06-2021,60775,4179
16-06-2023,60801,7170
06-08-2021,60807,4813
29-03-2021,60808,4036
01-12-2023,60860,8721
07-06-2021,60862,4127
04-12-2023,60908,7593
11-10-2019,60914,5705
22-07-2021,60939,4193
12-10-2022,60949,7390
20-06-2023,60951,6888
19-10-2022,61020,7064
02-02-2021,61094,3699
05-02-2021,61144,4115
04-10-2019,61157,6211
06-12-2023,61186,8231
07-12-2023,61238,8215
18-12-2019,61267,5659
03-08-2021,61280,4343
13-06-2023,61291,6645
31-01-2023,61335,6053
15-06-2021,61401,4207
30-09-2019,61419,5035
17-06-2021,61419,4202
05-06-2023,61510,6477
26-05-2023,61511,6768
08-02-2021,61528,3471
24-05-2021,61552,4104
04-06-2021,61652,4642
19-02-2021,61752,4111
09-02-2023,62015,6525
05-03-2021,62052,4283
03-05-2021,62053,4021
10-05-2021,62080,4077
27-07-2021,62126,4270
04-08-2021,62135,4369
05-08-2021,62156,4638
22-02-2021,62175,3949
16-12-2019,62208,5012
15-02-2021,62211,3814
28-05-2021,62334,4472
24-11-2023,62346,3065
05-12-2023,62426,8152
02-06-2023,62459,6863
29-07-2021,62477,4165
11-08-2021,62563,4631
05-04-2024,62598,1000
19-03-2020,62622,4435
27-11-2023,62702,8937
17-08-2023,62775,6232
30-11-2023,62862,8650
04-02-2021,62984,3616
28-07-2023,62987,6832
20-05-2021,63013,4072
17-12-2019,63080,5479
14-05-2021,63169,4716
01-03-2021,63288,3992
04-09-2023,63303,6783
31-01-2024,63321,6984
16-10-2023,63333,6731
10-10-2019,63358,5852
06-04-2023,63379,6894
26-02-2021,63420,4405
01-06-2021,63466,4125
19-05-2023,63487,6843
10-08-2021,63495,4321
03-02-2021,63519,3725
06-06-2023,63528,6923
22-05-2023,63532,7140
23-04-2021,63580,4648
03-02-2020,63608,5886
09-11-2023,63625,7172
12-03-2021,63661,4501
15-05-2023,63689,6584
19-03-2021,63690,4219
09-10-2019,63716,5717
30-10-2023,63735,7336
08-06-2021,63759,4180
02-02-2024,63786,8179
31-05-2023,63794,6130
15-06-2023,63799,7062
15-09-2023,63800,7349
03-04-2023,63842,6507
05-05-2023,63848,7091
08-05-2023,63880,6607
30-03-2021,63901,4103
21-07-2023,63908,6741
18-08-2023,63926,6975
25-05-2021,63931,4310
14-08-2023,63952,6253
07-05-2021,64011,4501
19-05-2021,64048,4175
05-07-2019,64088,4919
02-11-2023,64093,7171
25-02-2021,64136,3850
17-11-2023,64146,2702
28-08-2023,64168,7037
18-05-2021,64218,4150
21-05-2021,64266,4697
18-02-2021,64275,3772
29-03-2023,64281,6218
14-06-2023,64288,6811
05-05-2021,64295,4029
01-06-2023,64317,6732
11-09-2023,64319,6828
03-02-2023,64355,6505
26-05-2021,64378,4139
23-02-2021,64417,3730
15-03-2021,64459,4072
26-03-2021,64471,4665
07-06-2023,64497,6883
11-05-2021,64540,4300
05-02-2024,64613,8008
03-11-2023,64666,7910
31-03-2023,64667,6954
10-02-2021,64690,3690
11-03-2021,64699,4188
02-06-2021,64750,4440
30-05-2023,64807,6850
22-09-2023,64815,7815
11-02-2021,64842,3803
18-09-2023,64845,7204
03-10-2019,64860,6443
18-07-2023,64899,6940
13-05-2021,64902,4349
30-04-2021,64911,4593
09-02-2021,64932,3645
27-05-2021,64980,4295
09-03-2021,64987,4040
02-10-2019,65020,5547
04-03-2021,65058,4038
06-05-2021,65062,4397
12-05-2023,65082,7160
01-05-2023,65090,6621
06-11-2023,65102,7642
23-05-2023,65112,7122
17-02-2021,65116,3712
25-08-2023,65142,7234
01-10-2019,65146,5583
27-10-2023,65159,7641
02-02-2023,65195,6483
07-09-2023,65247,7446
11-08-2023,65282,7158
16-02-2021,65299,3847
27-03-2023,65304,6775
12-05-2021,65354,4438
10-03-2021,65361,3988
20-07-2023,65414,6875
21-08-2023,65469,6596
24-02-2021,65508,3587
06-02-2023,65567,7137
17-03-2021,65594,4161
23-10-2023,65596,7160
01-09-2023,65601,7223
28-02-2023,65606,5909
19-07-2023,65695,6616
23-11-2023,65712,3039
31-03-2021,65735,4301
18-03-2021,65760,4113
01-11-2023,65782,7027
04-08-2023,65967,7298
24-03-2021,65995,4104
24-05-2023,66003,7459
03-03-2021,66037,3790
16-11-2023,66043,2875
18-03-2020,66053,4227
09-10-2023,66097,7008
25-03-2021,66155,4069
15-11-2023,66179,2927
23-03-2023,66191,6237
01-07-2019,66215,4325
27-04-2021,66228,4411
01-02-2023,66241,6652
07-08-2023,66273,6860
21-11-2023,66278,2894
22-11-2023,66278,2930
28-04-2023,66299,6874
10-11-2023,66353,8610
16-03-2021,66374,3951
12-04-2024,66386,9604
14-11-2023,66391,3482
21-04-2021,66468,4179
31-07-2023,66474,7092
20-04-2021,66484,4236
22-04-2021,66525,4226
28-04-2021,66588,4586
21-02-2023,66689,6749
24-07-2023,66729,6610
11-05-2023,66737,6765
13-02-2023,66813,7088
18-05-2023,66832,6753
10-02-2023,66927,7100
14-09-2023,66990,6720
17-05-2023,67084,6568
20-10-2023,67095,7727
16-05-2023,67152,6781
10-05-2024,67172,10310
01-02-2024,67180,7971
03-05-2023,67260,6522
05-09-2023,67295,6824
10-03-2023,67372,7384
13-10-2023,67393,7820
29-04-2021,67439,4429
24-03-2023,67457,7346
10-05-2023,67529,6900
09-05-2023,67583,6565
20-02-2023,67587,7117
30-03-2023,67600,6588
13-12-2019,67693,6206
03-03-2023,67784,6671
06-03-2023,67787,6490
12-09-2023,67796,7082
10-08-2023,67836,6482
05-04-2023,67852,6742
07-11-2023,67855,8042
09-12-2019,67876,5521
31-10-2023,67883,8119
06-09-2023,67934,7041
13-09-2023,67944,7044
04-05-2023,67957,6912
08-11-2023,67963,7755
22-08-2023,68015,6430
30-08-2023,68140,6732
25-10-2023,68173,7161
28-03-2023,68194,6297
20-03-2023,68197,6940
24-10-2023,68214,7240
04-07-2019,68258,4750
04-04-2023,68322,6687
27-02-2023,68371,6759
09-04-2024,68384,828
27-07-2023,68395,6410
03-07-2019,68410,5086
12-10-2023,68480,7312
24-08-2023,68482,6478
26-10-2023,68514,7173
31-08-2023,68617,7142
25-07-2023,68760,6711
06-05-2024,68768,9820
08-04-2024,68887,1156
02-04-2024,68960,901
21-09-2023,68991,7196
08-02-2023,68996,7054
19-10-2023,69023,7181
11-12-2019,69042,6023
26-07-2023,69067,6811
02-05-2023,69130,7266
29-08-2023,69155,6507
23-08-2023,69162,7314
17-03-2023,69171,7122
02-07-2019,69181,4764
12-12-2019,69194,6024
19-09-2023,69196,7608
02-12-2019,69226,5040
20-09-2023,69361,7735
03-08-2023,69384,7105
10-12-2019,69403,5584
11-04-2024,69657,6708
17-03-2020,69686,4825
24-02-2023,69765,7341
02-08-2023,69775,6946
08-08-2023,69955,6944
15-08-2023,69969,6511
18-10-2023,70099,7310
16-08-2023,70115,6955
27-04-2023,70160,6939
01-08-2023,70171,6930
07-02-2023,70186,6761
03-05-2024,70261,9831
09-08-2023,70318,6818
08-08-2019,70347,4920
10-04-2024,70348,1326
16-02-2023,70420,6972
04-04-2024,70483,887
23-02-2024,70489,9389
09-08-2019,70517,5020
17-02-2023,70567,8273
09-02-2024,70571,9444
26-04-2023,70668,6902
17-10-2023,70744,7601
23-02-2023,70757,7190
22-03-2023,70797,6666
12-02-2024,70868,9425
10-10-2023,70985,7034
21-03-2023,71103,6646
15-02-2023,71296,7550
14-02-2023,71364,7506
11-10-2023,71441,7105
16-03-2020,71456,4803
09-05-2024,71487,9768
14-03-2023,71573,6278
09-03-2023,71695,6808
03-04-2024,71763,1087
08-03-2023,71800,6350
25-03-2024,71853,1013
02-03-2023,71879,6236
28-03-2024,71926,1173
22-03-2024,72073,1024
06-12-2019,72157,6522
22-02-2023,72267,7145
06-09-2019,72353,5018
08-05-2024,72435,9850
16-03-2023,72455,6377
05-03-2024,72519,956
16-02-2024,72632,10154
07-05-2024,72711,9721
01-03-2023,72902,6614
05-12-2019,72910,5973
26-02-2024,72953,9030
15-03-2023,73066,6755
18-03-2024,73116,1075
19-02-2024,73121,9292
25-11-2019,73279,5492
22-11-2019,73337,6626
07-03-2023,73376,6872
04-12-2019,73595,5904
02-05-2024,73656,9483
06-02-2024,73680,9372
15-03-2024,73742,1143
21-11-2019,73797,5514
04-03-2024,73822,1104
09-09-2019,73877,4841
08-03-2024,73919,1280
27-03-2024,74002,1213
30-04-2024,74119,9885
03-12-2019,74162,5575
01-03-2024,74194,9852
29-11-2019,74382,6232
01-05-2024,74611,9863
10-02-2020,74615,5192
08-02-2024,74717,9242
18-11-2019,75087,5841
26-03-2024,75126,1094
15-02-2024,75172,9166
02-09-2019,75217,5095
26-11-2019,75354,5610
08-11-2019,75356,5592
27-11-2019,75366,5645
07-02-2024,75524,9465
28-11-2019,75559,5793
13-02-2024,75925,9812
22-07-2019,75962,5342
28-10-2019,76028,5425
13-09-2019,76044,5803
22-02-2024,76167,9762
21-03-2024,76169,1001
11-11-2019,76267,5309
19-08-2019,76473,4964
04-11-2019,76507,5519
01-11-2019,76518,5895
25-10-2019,76623,5516
30-08-2019,76735,5705
20-03-2024,76782,1346
12-09-2019,76802,5138
23-09-2019,76861,5331
20-11-2019,76869,5599
14-10-2019,76965,5471
21-02-2024,76973,9687
26-08-2019,76993,5014
26-07-2019,77006,5348
14-03-2024,77034,920
16-09-2019,77034,5380
14-02-2024,77058,9940
04-09-2019,77062,5219
03-09-2019,77176,5057
21-10-2019,77183,5398
29-07-2019,77207,4850
29-02-2024,77288,9967
12-08-2019,77340,4786
05-09-2019,77554,5316
15-11-2019,77567,5834
10-09-2019,77626,4962
20-02-2024,77776,10025
27-09-2019,77786,6619
23-08-2019,77841,5656
07-03-2024,77880,1132
13-03-2024,77935,1081
19-11-2019,77963,5828
12-03-2024,77972,1324
05-03-2020,78089,5628
04-03-2020,78153,5134
11-09-2019,78199,5218
16-08-2019,78215,5374
18-10-2019,78223,5719
05-08-2019,78259,4840
17-09-2019,78260,5067
27-02-2024,78278,9704
31-10-2019,78300,5609
30-10-2019,78374,5485
13-03-2020,78414,6067
28-02-2024,78537,9756
12-11-2019,78610,5613
29-10-2019,78749,5453
07-11-2019,78813,5576
06-03-2024,78871,1021
13-11-2019,78950,5587
02-08-2019,78958,5352
05-11-2019,78981,5991
04-02-2020,79023,6567
26-09-2019,79228,5630
19-03-2024,79279,981
14-11-2019,79445,5823
07-02-2020,79509,6059
06-11-2019,79551,5694
27-08-2019,79588,4844
17-10-2019,79815,5528
14-08-2019,79876,5360
29-08-2019,79883,5433
24-07-2019,80053,5158
22-08-2019,80158,5449
22-10-2019,80224,5669
23-07-2019,80274,5191
25-09-2019,80287,5444
25-07-2019,80297,5407
24-09-2019,80397,5575
16-10-2019,80608,5269
15-08-2019,80636,5064
31-07-2019,80637,5167
23-10-2019,80679,5455
21-08-2019,80813,5443
07-08-2019,80988,5263
28-08-2019,81093,5323
05-02-2020,81174,6159
24-10-2019,81188,5707
03-03-2020,81292,5688
20-08-2019,81305,5185
06-03-2020,81307,6233
30-07-2019,81516,5217
14-02-2020,81553,6989
15-10-2019,81569,5456
13-08-2019,81615,5244
18-09-2019,81675,5698
19-09-2019,81695,5807
01-08-2019,81757,5091
06-02-2020,82029,6127
06-08-2019,82469,5045
17-02-2020,82521,5818
13-02-2020,83313,5958
12-03-2020,83853,5907
20-09-2019,84059,7104
02-03-2020,84112,5676
24-02-2020,84239,5683
11-03-2020,84356,5881
10-03-2020,84558,6008
21-02-2020,84670,7037
20-02-2020,85062,6321
12-02-2020,85152,5842
11-02-2020,85300,5710
28-02-2020,86054,7004
18-02-2020,86562,6161
19-02-2020,86654,6051
26-02-2020,88026,6145
25-02-2020,88251,6067
27-02-2020,88313,6295
